{
  "b": 30,
  "disableInputWhenNotFocused": true,
  "mangledName": "Veritcal",
  "name": "Veritcal",
  "r": 32,
  "standardSortMethod": true,
  "stopSoundsOnStartup": true,
  "title": "",
  "v": 32,
  "uiSettings": {
    "grid": false,
    "gridType": "rectangular",
    "gridWidth": 32,
    "gridHeight": 32,
    "gridOffsetX": 0,
    "gridOffsetY": 0,
    "gridColor": 10401023,
    "gridAlpha": 0.8,
    "snap": false,
    "zoomFactor": 0.4633111824513995,
    "windowMask": false
  },
  "objectsGroups": [
    {
      "name": "thoughts",
      "objects": [
        {
          "name": "thoughts_1"
        },
        {
          "name": "thoughts_2"
        },
        {
          "name": "thoughts_3"
        },
        {
          "name": "thoughts_4"
        },
        {
          "name": "thoughts_5"
        }
      ]
    },
    {
      "name": "music",
      "objects": []
    }
  ],
  "variables": [],
  "instances": [
    {
      "angle": 0,
      "customSize": true,
      "depth": 1,
      "height": 75,
      "layer": "",
      "name": "begin_here",
      "persistentUuid": "88214c64-7ad5-4ba8-ab1e-9d3a29cb9b2d",
      "width": 1284,
      "x": -3,
      "y": 643,
      "zOrder": 1,
      "numberProperties": [],
      "stringProperties": [],
      "initialVariables": []
    },
    {
      "angle": 0,
      "customSize": true,
      "depth": 1,
      "height": 17,
      "layer": "",
      "name": "border",
      "persistentUuid": "cd843b81-2a01-48c0-b6cb-c112b44a323b",
      "width": 1302,
      "x": -14,
      "y": 720,
      "zOrder": 3,
      "numberProperties": [],
      "stringProperties": [],
      "initialVariables": []
    },
    {
      "angle": 0,
      "customSize": false,
      "height": 0,
      "layer": "",
      "name": "start_pos",
      "persistentUuid": "9d715d36-60c0-4262-8555-4b7220c92d97",
      "width": 0,
      "x": 613,
      "y": 655,
      "zOrder": 4,
      "numberProperties": [],
      "stringProperties": [],
      "initialVariables": []
    },
    {
      "angle": 0,
      "customSize": true,
      "depth": 1,
      "height": 86,
      "layer": "",
      "name": "safe",
      "persistentUuid": "f27b2495-499d-4adb-81de-49a6f80a74be",
      "width": 1279,
      "x": 1,
      "y": 346,
      "zOrder": 5,
      "numberProperties": [],
      "stringProperties": [],
      "initialVariables": []
    },
    {
      "angle": 0,
      "customSize": false,
      "height": 0,
      "layer": "",
      "name": "thoughts_1",
      "persistentUuid": "4b6e9074-42f1-4670-a5b3-288f181937dc",
      "width": 0,
      "x": -66,
      "y": 575,
      "zOrder": 6,
      "numberProperties": [],
      "stringProperties": [],
      "initialVariables": []
    },
    {
      "angle": 0,
      "customSize": false,
      "height": 0,
      "layer": "",
      "name": "thoughts_2",
      "persistentUuid": "294a65ca-d163-4287-87ab-e29ae9f3191f",
      "width": 0,
      "x": 1284,
      "y": 476,
      "zOrder": 7,
      "numberProperties": [],
      "stringProperties": [],
      "initialVariables": []
    },
    {
      "angle": 0,
      "customSize": true,
      "depth": 1,
      "height": 73,
      "layer": "",
      "name": "goal",
      "persistentUuid": "9cae3239-d47c-42a9-b8fa-03287c45cf6e",
      "width": 1279,
      "x": 0,
      "y": -1,
      "zOrder": 8,
      "numberProperties": [],
      "stringProperties": [],
      "initialVariables": []
    },
    {
      "angle": 0,
      "customSize": false,
      "height": 0,
      "layer": "",
      "name": "thoughts_4",
      "persistentUuid": "9a7aa1ff-0384-4719-8bca-fbd080a467b4",
      "width": 0,
      "x": -73,
      "y": 275,
      "zOrder": 9,
      "numberProperties": [],
      "stringProperties": [],
      "initialVariables": []
    },
    {
      "angle": 0,
      "customSize": false,
      "height": 0,
      "layer": "",
      "name": "thoughts_3",
      "persistentUuid": "8e4907da-9b25-4841-83eb-5807811f5943",
      "width": 0,
      "x": 1292,
      "y": 176,
      "zOrder": 10,
      "numberProperties": [],
      "stringProperties": [],
      "initialVariables": []
    },
    {
      "angle": 0,
      "customSize": false,
      "height": 0,
      "layer": "",
      "name": "thoughts_5",
      "persistentUuid": "3276bf52-a128-4f0c-8b89-1c0170281609",
      "width": 0,
      "x": -77,
      "y": 75,
      "zOrder": 11,
      "numberProperties": [],
      "stringProperties": [],
      "initialVariables": []
    },
    {
      "angle": 0,
      "customSize": true,
      "depth": 0,
      "height": 75,
      "layer": "Player",
      "name": "player",
      "persistentUuid": "f45ff943-f9b6-4e83-873d-c98f82c6bff9",
      "width": 75,
      "x": 606,
      "y": 646,
      "zOrder": 12,
      "numberProperties": [],
      "stringProperties": [],
      "initialVariables": []
    },
    {
      "angle": 0,
      "customSize": false,
      "height": 0,
      "layer": "",
      "name": "obstacle",
      "persistentUuid": "04c59647-8963-4208-8e50-e8017614ce18",
      "width": 0,
      "x": 23,
      "y": 359,
      "zOrder": 13,
      "numberProperties": [],
      "stringProperties": [],
      "initialVariables": []
    },
    {
      "angle": 0,
      "customSize": false,
      "height": 0,
      "layer": "",
      "name": "obstacle",
      "persistentUuid": "4e63f2e5-1227-4148-9f53-4990dbc2ba83",
      "width": 0,
      "x": 102,
      "y": 357,
      "zOrder": 14,
      "numberProperties": [],
      "stringProperties": [],
      "initialVariables": []
    },
    {
      "angle": 0,
      "customSize": false,
      "height": 0,
      "layer": "",
      "name": "obstacle",
      "persistentUuid": "dadc78d1-7bc5-474b-9a22-92333467cee7",
      "width": 0,
      "x": 179,
      "y": 358,
      "zOrder": 15,
      "numberProperties": [],
      "stringProperties": [],
      "initialVariables": []
    },
    {
      "angle": 0,
      "customSize": false,
      "height": 0,
      "layer": "",
      "name": "obstacle",
      "persistentUuid": "5b444266-24a2-4387-8e1d-239c0da1b5fc",
      "width": 0,
      "x": 532,
      "y": 356,
      "zOrder": 16,
      "numberProperties": [],
      "stringProperties": [],
      "initialVariables": []
    },
    {
      "angle": 0,
      "customSize": false,
      "height": 0,
      "layer": "",
      "name": "obstacle",
      "persistentUuid": "fe26cefe-f049-4550-b953-25bdd8a62275",
      "width": 0,
      "x": 606,
      "y": 356,
      "zOrder": 17,
      "numberProperties": [],
      "stringProperties": [],
      "initialVariables": []
    },
    {
      "angle": 0,
      "customSize": false,
      "height": 0,
      "layer": "",
      "name": "obstacle",
      "persistentUuid": "91ebc717-5489-4cc5-967c-610583909a81",
      "width": 0,
      "x": 678,
      "y": 357,
      "zOrder": 18,
      "numberProperties": [],
      "stringProperties": [],
      "initialVariables": []
    },
    {
      "angle": 0,
      "customSize": false,
      "height": 0,
      "layer": "",
      "name": "obstacle",
      "persistentUuid": "3bf719f0-cff2-4528-a3b9-2ef855bac0eb",
      "width": 0,
      "x": 1208,
      "y": 353,
      "zOrder": 19,
      "numberProperties": [],
      "stringProperties": [],
      "initialVariables": []
    },
    {
      "angle": 0,
      "customSize": false,
      "height": 0,
      "layer": "",
      "name": "obstacle",
      "persistentUuid": "978c2966-40e8-4016-8f45-a1f74d1837ae",
      "width": 0,
      "x": 1131,
      "y": 350,
      "zOrder": 20,
      "numberProperties": [],
      "stringProperties": [],
      "initialVariables": []
    },
    {
      "angle": 0,
      "customSize": false,
      "height": 0,
      "layer": "",
      "name": "obstacle",
      "persistentUuid": "afde86df-03e0-44c3-bb4e-c494ec9dd330",
      "width": 0,
      "x": 1057,
      "y": 354,
      "zOrder": 21,
      "numberProperties": [],
      "stringProperties": [],
      "initialVariables": []
    },
    {
      "angle": 0,
      "customSize": false,
      "height": 0,
      "layer": "",
      "name": "obstacle",
      "persistentUuid": "b5cfeab4-38d0-4590-a711-476cf496ab9a",
      "width": 0,
      "x": 295,
      "y": 5,
      "zOrder": 22,
      "numberProperties": [],
      "stringProperties": [],
      "initialVariables": []
    },
    {
      "angle": 0,
      "customSize": false,
      "height": 0,
      "layer": "",
      "name": "obstacle",
      "persistentUuid": "f857ea21-06ea-4e25-8c7d-b46ba030e2e7",
      "width": 0,
      "x": 375,
      "y": 5,
      "zOrder": 23,
      "numberProperties": [],
      "stringProperties": [],
      "initialVariables": []
    },
    {
      "angle": 0,
      "customSize": false,
      "height": 0,
      "layer": "",
      "name": "obstacle",
      "persistentUuid": "5dfcc4df-1b8f-44e8-973f-b23b642f3a8d",
      "width": 0,
      "x": 447,
      "y": 4,
      "zOrder": 24,
      "numberProperties": [],
      "stringProperties": [],
      "initialVariables": []
    },
    {
      "angle": 0,
      "customSize": false,
      "height": 0,
      "layer": "",
      "name": "obstacle",
      "persistentUuid": "593bf3b9-5398-4bc0-a72d-c9d55dd950ab",
      "width": 0,
      "x": 785,
      "y": 7,
      "zOrder": 25,
      "numberProperties": [],
      "stringProperties": [],
      "initialVariables": []
    },
    {
      "angle": 0,
      "customSize": false,
      "height": 0,
      "layer": "",
      "name": "obstacle",
      "persistentUuid": "e0c57976-6e5c-4943-bf52-9d318cdc8bf4",
      "width": 0,
      "x": 858,
      "y": 5,
      "zOrder": 26,
      "numberProperties": [],
      "stringProperties": [],
      "initialVariables": []
    },
    {
      "angle": 0,
      "customSize": false,
      "height": 0,
      "layer": "",
      "name": "obstacle",
      "persistentUuid": "9063b6f9-2132-4e85-af53-3d484a5127d9",
      "width": 0,
      "x": 931,
      "y": 5,
      "zOrder": 27,
      "numberProperties": [],
      "stringProperties": [],
      "initialVariables": []
    },
    {
      "angle": 0,
      "customSize": true,
      "depth": 1,
      "height": 17,
      "layer": "",
      "name": "border",
      "persistentUuid": "385a666f-ed94-48f5-a95b-a63bd886d453",
      "width": 1302,
      "x": -11,
      "y": -18,
      "zOrder": 3,
      "numberProperties": [],
      "stringProperties": [],
      "initialVariables": []
    }
  ],
  "objects": [
    {
      "assetStoreId": "",
      "height": 32,
      "name": "begin_here",
      "texture": "New image",
      "type": "TiledSpriteObject::TiledSprite",
      "width": 32,
      "variables": [],
      "effects": [],
      "behaviors": []
    },
    {
      "adaptCollisionMaskAutomatically": true,
      "assetStoreId": "",
      "name": "thoughts_1",
      "type": "Sprite",
      "updateIfNotVisible": false,
      "variables": [],
      "effects": [],
      "behaviors": [],
      "animations": [
        {
          "name": "NewSprite",
          "useMultipleDirections": false,
          "directions": [
            {
              "looping": false,
              "metadata": "{\"pskl\":{}}",
              "timeBetweenFrames": 0.08,
              "sprites": [
                {
                  "hasCustomCollisionMask": true,
                  "image": "NewSprite",
                  "points": [],
                  "originPoint": {
                    "name": "origine",
                    "x": 0,
                    "y": 0
                  },
                  "centerPoint": {
                    "automatic": true,
                    "name": "centre",
                    "x": 0,
                    "y": 0
                  },
                  "customCollisionMask": [
                    [
                      {
                        "x": 0,
                        "y": 0
                      },
                      {
                        "x": 64,
                        "y": 0
                      },
                      {
                        "x": 64,
                        "y": 64
                      },
                      {
                        "x": 0,
                        "y": 64
                      }
                    ]
                  ]
                },
                {
                  "hasCustomCollisionMask": true,
                  "image": "7c08ba87e57f7bc6d86b91eab92f0399fa54c56470adb853cedb238875ce94b1_Round Speech Bubble_No Shadow.png",
                  "points": [],
                  "originPoint": {
                    "name": "origine",
                    "x": 0,
                    "y": 0
                  },
                  "centerPoint": {
                    "automatic": true,
                    "name": "centre",
                    "x": 0,
                    "y": 0
                  },
                  "customCollisionMask": [
                    [
                      {
                        "x": 0,
                        "y": 0
                      },
                      {
                        "x": 64,
                        "y": 0
                      },
                      {
                        "x": 64,
                        "y": 64
                      },
                      {
                        "x": 0,
                        "y": 64
                      }
                    ]
                  ]
                }
              ]
            }
          ]
        }
      ]
    },
    {
      "adaptCollisionMaskAutomatically": true,
      "assetStoreId": "",
      "name": "player",
      "type": "Sprite",
      "updateIfNotVisible": false,
      "variables": [],
      "effects": [],
      "behaviors": [
        {
          "name": "ScreenWrap",
          "type": "ScreenWrap::ScreenWrap",
          "HorizontalWrapping": true,
          "VerticalWrapping": false,
          "BorderTop": 0,
          "BorderLeft": 0,
          "BorderRight": 0,
          "BorderBottom": 0,
          "TriggerOffset": 0
        },
        {
          "name": "TopDownMovement",
          "type": "TopDownMovementBehavior::TopDownMovementBehavior",
          "acceleration": 300,
          "allowDiagonals": false,
          "angleOffset": 0,
          "angularMaxSpeed": 180,
          "customIsometryAngle": 30,
          "deceleration": 800,
          "ignoreDefaultControls": false,
          "maxSpeed": 200,
          "movementAngleOffset": 0,
          "rotateObject": false,
          "viewpoint": "TopDown"
        }
      ],
      "animations": [
        {
          "name": "NewSprite",
          "useMultipleDirections": false,
          "directions": [
            {
              "looping": false,
              "metadata": "{\"pskl\":{}}",
              "timeBetweenFrames": 0.08,
              "sprites": [
                {
                  "hasCustomCollisionMask": true,
                  "image": "NewSprite2",
                  "points": [],
                  "originPoint": {
                    "name": "origine",
                    "x": 0,
                    "y": 0
                  },
                  "centerPoint": {
                    "automatic": true,
                    "name": "centre",
                    "x": 0,
                    "y": 0
                  },
                  "customCollisionMask": [
                    [
                      {
                        "x": 0,
                        "y": 0
                      },
                      {
                        "x": 64,
                        "y": 0
                      },
                      {
                        "x": 64,
                        "y": 64
                      },
                      {
                        "x": 0,
                        "y": 64
                      }
                    ]
                  ]
                },
                {
                  "hasCustomCollisionMask": true,
                  "image": "assets\\Tommy_Turn Around Poses_5.png",
                  "points": [],
                  "originPoint": {
                    "name": "origine",
                    "x": 0,
                    "y": 0
                  },
                  "centerPoint": {
                    "automatic": true,
                    "name": "centre",
                    "x": 0,
                    "y": 0
                  },
                  "customCollisionMask": [
                    [
                      {
                        "x": 0,
                        "y": 0
                      },
                      {
                        "x": 64,
                        "y": 0
                      },
                      {
                        "x": 64,
                        "y": 64
                      },
                      {
                        "x": 0,
                        "y": 64
                      }
                    ]
                  ]
                }
              ]
            }
          ]
        }
      ]
    },
    {
      "adaptCollisionMaskAutomatically": true,
      "assetStoreId": "",
      "name": "thoughts_2",
      "type": "Sprite",
      "updateIfNotVisible": false,
      "variables": [],
      "effects": [],
      "behaviors": [],
      "animations": [
        {
          "name": "NewSprite",
          "useMultipleDirections": false,
          "directions": [
            {
              "looping": false,
              "metadata": "{\"pskl\":{}}",
              "timeBetweenFrames": 0.08,
              "sprites": [
                {
                  "hasCustomCollisionMask": true,
                  "image": "NewSprite",
                  "points": [],
                  "originPoint": {
                    "name": "origine",
                    "x": 0,
                    "y": 0
                  },
                  "centerPoint": {
                    "automatic": true,
                    "name": "centre",
                    "x": 0,
                    "y": 0
                  },
                  "customCollisionMask": [
                    [
                      {
                        "x": 0,
                        "y": 0
                      },
                      {
                        "x": 64,
                        "y": 0
                      },
                      {
                        "x": 64,
                        "y": 64
                      },
                      {
                        "x": 0,
                        "y": 64
                      }
                    ]
                  ]
                },
                {
                  "hasCustomCollisionMask": true,
                  "image": "assets\\Round Speech Bubble_Shadow.png",
                  "points": [],
                  "originPoint": {
                    "name": "origine",
                    "x": 0,
                    "y": 0
                  },
                  "centerPoint": {
                    "automatic": true,
                    "name": "centre",
                    "x": 0,
                    "y": 0
                  },
                  "customCollisionMask": [
                    [
                      {
                        "x": 0,
                        "y": 0
                      },
                      {
                        "x": 64,
                        "y": 0
                      },
                      {
                        "x": 64,
                        "y": 64
                      },
                      {
                        "x": 0,
                        "y": 64
                      }
                    ]
                  ]
                }
              ]
            }
          ]
        }
      ]
    },
    {
      "adaptCollisionMaskAutomatically": true,
      "assetStoreId": "",
      "name": "border",
      "type": "Sprite",
      "updateIfNotVisible": false,
      "variables": [],
      "effects": [],
      "behaviors": [],
      "animations": [
        {
          "name": "border",
          "useMultipleDirections": false,
          "directions": [
            {
              "looping": false,
              "metadata": "{\"pskl\":{}}",
              "timeBetweenFrames": 0.08,
              "sprites": [
                {
                  "hasCustomCollisionMask": true,
                  "image": "border",
                  "points": [],
                  "originPoint": {
                    "name": "origine",
                    "x": 0,
                    "y": 0
                  },
                  "centerPoint": {
                    "automatic": true,
                    "name": "centre",
                    "x": 0,
                    "y": 0
                  },
                  "customCollisionMask": [
                    [
                      {
                        "x": 0,
                        "y": 0
                      },
                      {
                        "x": 64,
                        "y": 0
                      },
                      {
                        "x": 64,
                        "y": 64
                      },
                      {
                        "x": 0,
                        "y": 64
                      }
                    ]
                  ]
                }
              ]
            }
          ]
        }
      ]
    },
    {
      "adaptCollisionMaskAutomatically": true,
      "assetStoreId": "",
      "name": "start_pos",
      "type": "Sprite",
      "updateIfNotVisible": false,
      "variables": [],
      "effects": [],
      "behaviors": [],
      "animations": []
    },
    {
      "assetStoreId": "",
      "height": 32,
      "name": "safe",
      "texture": "New image",
      "type": "TiledSpriteObject::TiledSprite",
      "width": 32,
      "variables": [],
      "effects": [],
      "behaviors": []
    },
    {
      "assetStoreId": "",
      "height": 32,
      "name": "goal",
      "texture": "New image",
      "type": "TiledSpriteObject::TiledSprite",
      "width": 32,
      "variables": [],
      "effects": [],
      "behaviors": []
    },
    {
      "adaptCollisionMaskAutomatically": true,
      "assetStoreId": "",
      "name": "thoughts_3",
      "type": "Sprite",
      "updateIfNotVisible": false,
      "variables": [],
      "effects": [],
      "behaviors": [],
      "animations": [
        {
          "name": "NewSprite",
          "useMultipleDirections": false,
          "directions": [
            {
              "looping": false,
              "metadata": "{\"pskl\":{}}",
              "timeBetweenFrames": 0.08,
              "sprites": [
                {
                  "hasCustomCollisionMask": true,
                  "image": "NewSprite",
                  "points": [],
                  "originPoint": {
                    "name": "origine",
                    "x": 0,
                    "y": 0
                  },
                  "centerPoint": {
                    "automatic": true,
                    "name": "centre",
                    "x": 0,
                    "y": 0
                  },
                  "customCollisionMask": [
                    [
                      {
                        "x": 0,
                        "y": 0
                      },
                      {
                        "x": 64,
                        "y": 0
                      },
                      {
                        "x": 64,
                        "y": 64
                      },
                      {
                        "x": 0,
                        "y": 64
                      }
                    ]
                  ]
                },
                {
                  "hasCustomCollisionMask": true,
                  "image": "f39151ea20e432b9df26715f37f26b5de77665d7104b08a6f494e3f35013e924_Round Speech Bubble_Shadow.png",
                  "points": [],
                  "originPoint": {
                    "name": "origine",
                    "x": 0,
                    "y": 0
                  },
                  "centerPoint": {
                    "automatic": true,
                    "name": "centre",
                    "x": 0,
                    "y": 0
                  },
                  "customCollisionMask": [
                    [
                      {
                        "x": 0,
                        "y": 0
                      },
                      {
                        "x": 64,
                        "y": 0
                      },
                      {
                        "x": 64,
                        "y": 64
                      },
                      {
                        "x": 0,
                        "y": 64
                      }
                    ]
                  ]
                }
              ]
            }
          ]
        }
      ]
    },
    {
      "adaptCollisionMaskAutomatically": true,
      "assetStoreId": "",
      "name": "thoughts_4",
      "type": "Sprite",
      "updateIfNotVisible": false,
      "variables": [],
      "effects": [],
      "behaviors": [],
      "animations": [
        {
          "name": "NewSprite",
          "useMultipleDirections": false,
          "directions": [
            {
              "looping": false,
              "metadata": "{\"pskl\":{}}",
              "timeBetweenFrames": 0.08,
              "sprites": [
                {
                  "hasCustomCollisionMask": true,
                  "image": "NewSprite",
                  "points": [],
                  "originPoint": {
                    "name": "origine",
                    "x": 0,
                    "y": 0
                  },
                  "centerPoint": {
                    "automatic": true,
                    "name": "centre",
                    "x": 0,
                    "y": 0
                  },
                  "customCollisionMask": [
                    [
                      {
                        "x": 0,
                        "y": 0
                      },
                      {
                        "x": 64,
                        "y": 0
                      },
                      {
                        "x": 64,
                        "y": 64
                      },
                      {
                        "x": 0,
                        "y": 64
                      }
                    ]
                  ]
                },
                {
                  "hasCustomCollisionMask": true,
                  "image": "assets\\Round Speech Bubble_No Shadow.png",
                  "points": [],
                  "originPoint": {
                    "name": "origine",
                    "x": 0,
                    "y": 0
                  },
                  "centerPoint": {
                    "automatic": true,
                    "name": "centre",
                    "x": 0,
                    "y": 0
                  },
                  "customCollisionMask": [
                    [
                      {
                        "x": 0,
                        "y": 0
                      },
                      {
                        "x": 64,
                        "y": 0
                      },
                      {
                        "x": 64,
                        "y": 64
                      },
                      {
                        "x": 0,
                        "y": 64
                      }
                    ]
                  ]
                }
              ]
            }
          ]
        }
      ]
    },
    {
      "adaptCollisionMaskAutomatically": true,
      "assetStoreId": "",
      "name": "thoughts_5",
      "type": "Sprite",
      "updateIfNotVisible": false,
      "variables": [],
      "effects": [],
      "behaviors": [],
      "animations": [
        {
          "name": "NewSprite",
          "useMultipleDirections": false,
          "directions": [
            {
              "looping": false,
              "metadata": "{\"pskl\":{}}",
              "timeBetweenFrames": 0.08,
              "sprites": [
                {
                  "hasCustomCollisionMask": true,
                  "image": "NewSprite",
                  "points": [],
                  "originPoint": {
                    "name": "origine",
                    "x": 0,
                    "y": 0
                  },
                  "centerPoint": {
                    "automatic": true,
                    "name": "centre",
                    "x": 0,
                    "y": 0
                  },
                  "customCollisionMask": [
                    [
                      {
                        "x": 0,
                        "y": 0
                      },
                      {
                        "x": 64,
                        "y": 0
                      },
                      {
                        "x": 64,
                        "y": 64
                      },
                      {
                        "x": 0,
                        "y": 64
                      }
                    ]
                  ]
                },
                {
                  "hasCustomCollisionMask": true,
                  "image": "assets\\Round Speech Bubble_No Shadow.png",
                  "points": [],
                  "originPoint": {
                    "name": "origine",
                    "x": 0,
                    "y": 0
                  },
                  "centerPoint": {
                    "automatic": true,
                    "name": "centre",
                    "x": 0,
                    "y": 0
                  },
                  "customCollisionMask": [
                    [
                      {
                        "x": 0,
                        "y": 0
                      },
                      {
                        "x": 64,
                        "y": 0
                      },
                      {
                        "x": 64,
                        "y": 64
                      },
                      {
                        "x": 0,
                        "y": 64
                      }
                    ]
                  ]
                }
              ]
            }
          ]
        }
      ]
    },
    {
      "adaptCollisionMaskAutomatically": true,
      "assetStoreId": "",
      "name": "obstacle",
      "type": "Sprite",
      "updateIfNotVisible": false,
      "variables": [],
      "effects": [],
      "behaviors": [],
      "animations": [
        {
          "name": "NewSprite",
          "useMultipleDirections": false,
          "directions": [
            {
              "looping": false,
              "metadata": "{\"pskl\":{}}",
              "timeBetweenFrames": 0.08,
              "sprites": [
                {
                  "hasCustomCollisionMask": true,
                  "image": "NewSprite3",
                  "points": [],
                  "originPoint": {
                    "name": "origine",
                    "x": 0,
                    "y": 0
                  },
                  "centerPoint": {
                    "automatic": true,
                    "name": "centre",
                    "x": 0,
                    "y": 0
                  },
                  "customCollisionMask": [
                    [
                      {
                        "x": 0,
                        "y": 0
                      },
                      {
                        "x": 64,
                        "y": 0
                      },
                      {
                        "x": 64,
                        "y": 64
                      },
                      {
                        "x": 0,
                        "y": 64
                      }
                    ]
                  ]
                },
                {
                  "hasCustomCollisionMask": true,
                  "image": "b9fd8f148c3d5c96de0f2b9ef82c350020913c4d667bc79dbc711715f85de3e3_Tileset Piece 38.png",
                  "points": [],
                  "originPoint": {
                    "name": "origine",
                    "x": 0,
                    "y": 0
                  },
                  "centerPoint": {
                    "automatic": true,
                    "name": "centre",
                    "x": 0,
                    "y": 0
                  },
                  "customCollisionMask": [
                    [
                      {
                        "x": 0,
                        "y": 0
                      },
                      {
                        "x": 64,
                        "y": 0
                      },
                      {
                        "x": 64,
                        "y": 64
                      },
                      {
                        "x": 0,
                        "y": 64
                      }
                    ]
                  ]
                }
              ]
            }
          ]
        }
      ]
    }
  ],
  "objectsFolderStructure": {
    "folderName": "__ROOT",
    "children": [
      {
        "objectName": "begin_here"
      },
      {
        "objectName": "thoughts_1"
      },
      {
        "objectName": "thoughts_4"
      },
      {
        "objectName": "thoughts_5"
      },
      {
        "objectName": "thoughts_2"
      },
      {
        "objectName": "thoughts_3"
      },
      {
        "objectName": "player"
      },
      {
        "objectName": "border"
      },
      {
        "objectName": "start_pos"
      },
      {
        "objectName": "safe"
      },
      {
        "objectName": "goal"
      },
      {
        "objectName": "obstacle"
      }
    ]
  },
  "events": [
    {
      "colorB": 228,
      "colorG": 176,
      "colorR": 74,
      "creationTime": 0,
      "name": "initialize",
      "source": "",
      "type": "BuiltinCommonInstructions::Group",
      "events": [
        {
          "type": "BuiltinCommonInstructions::Standard",
          "conditions": [
            {
              "type": {
                "value": "DepartScene"
              },
              "parameters": [
                ""
              ]
            }
          ],
          "actions": [
            {
              "type": {
                "value": "ResetTimer"
              },
              "parameters": [
                "",
                "\"thoughts_spawn\""
              ]
            }
          ]
        }
      ],
      "parameters": []
    },
    {
      "colorB": 228,
      "colorG": 176,
      "colorR": 74,
      "creationTime": 0,
      "name": "player",
      "source": "",
      "type": "BuiltinCommonInstructions::Group",
      "events": [
        {
          "type": "BuiltinCommonInstructions::Standard",
          "conditions": [],
          "actions": [
            {
              "type": {
                "value": "SeparateFromObjects"
              },
              "parameters": [
                "player",
                "border",
                ""
              ]
            },
            {
              "type": {
                "value": "SeparateFromObjects"
              },
              "parameters": [
                "player",
                "obstacle",
                ""
              ]
            }
          ]
        },
        {
          "type": "BuiltinCommonInstructions::Standard",
          "conditions": [
            {
              "type": {
                "value": "CollisionNP"
              },
              "parameters": [
                "player",
                "thoughts",
                "",
                "",
                ""
              ]
            }
          ],
          "actions": [
            {
              "type": {
                "value": "MettreXY"
              },
              "parameters": [
                "player",
                "=",
                "start_pos.X()",
                "=",
                "start_pos.Y()"
              ]
            },
            {
              "type": {
                "value": "Scene"
              },
              "parameters": [
                "",
                "\"Game Over Screen\"",
                ""
              ]
            },
            {
              "type": {
                "value": "PlaySound"
              },
              "parameters": [
                "",
                "assets\\Heavy-body-hit.mp3",
                "",
                "10",
                "1"
              ]
            },
            {
              "type": {
                "value": "PlaySound"
              },
              "parameters": [
                "",
                "assets\\333785__projectsu012__8-bit-failure-sound.wav",
                "yes",
                "20",
                "1"
              ]
            }
          ]
        },
        {
          "type": "BuiltinCommonInstructions::Standard",
          "conditions": [
            {
              "type": {
                "value": "CollisionNP"
              },
              "parameters": [
                "player",
                "goal",
                "",
                "",
                ""
              ]
            }
          ],
          "actions": [
            {
              "type": {
                "value": "MettreXY"
              },
              "parameters": [
                "player",
                "=",
                "start_pos.X()",
                "=",
                "start_pos.Y()"
              ]
            },
            {
              "type": {
                "value": "Scene"
              },
              "parameters": [
                "",
                "\"Victory Screen\"",
                ""
              ]
            },
            {
              "type": {
                "value": "PlaySound"
              },
              "parameters": [
                "",
                "assets\\624878__sonically_sound__old-video-game-4.wav",
                "",
                "20",
                "1"
              ]
            }
          ]
        }
      ],
      "parameters": []
    },
    {
      "colorB": 228,
      "colorG": 176,
      "colorR": 74,
      "creationTime": 0,
      "name": "thoughts",
      "source": "",
      "type": "BuiltinCommonInstructions::Group",
      "events": [
        {
          "type": "BuiltinCommonInstructions::Standard",
          "conditions": [
            {
              "type": {
                "value": "CompareTimer"
              },
              "parameters": [
                "",
                "\"thoughts_spawn\"",
                ">=",
                "3"
              ]
            }
          ],
          "actions": [
            {
              "type": {
                "value": "Create"
              },
              "parameters": [
                "",
                "thoughts_1",
                "-100",
                "575",
                ""
              ]
            },
            {
              "type": {
                "value": "Create"
              },
              "parameters": [
                "",
                "thoughts_2",
                "1300",
                "475",
                ""
              ]
            },
            {
              "type": {
                "value": "Create"
              },
              "parameters": [
                "",
                "thoughts_5",
                "-100",
                "75",
                ""
              ]
            },
            {
              "type": {
                "value": "Create"
              },
              "parameters": [
                "",
                "thoughts_4",
                "-100",
                "275",
                ""
              ]
            },
            {
              "type": {
                "value": "Create"
              },
              "parameters": [
                "",
                "thoughts_3",
                "1300",
                "175",
                ""
              ]
            },
            {
              "type": {
                "value": "ResetTimer"
              },
              "parameters": [
                "",
                "\"thoughts_spawn\""
              ]
            }
          ]
        },
        {
          "type": "BuiltinCommonInstructions::Standard",
          "conditions": [],
          "actions": [
            {
              "type": {
                "value": "AddForceAL"
              },
              "parameters": [
                "thoughts_1",
                "0",
                "120",
                ""
              ]
            },
            {
              "type": {
                "value": "AddForceAL"
              },
              "parameters": [
                "thoughts_4",
                "0",
                "120",
                ""
              ]
            },
            {
              "type": {
                "value": "AddForceAL"
              },
              "parameters": [
                "thoughts_5",
                "0",
                "120",
                ""
              ]
            },
            {
              "type": {
                "value": "AddForceAL"
              },
              "parameters": [
                "thoughts_2",
                "0",
                "-120",
                ""
              ]
            },
            {
              "type": {
                "value": "AddForceAL"
              },
              "parameters": [
                "thoughts_3",
                "0",
                "-120",
                ""
              ]
            }
          ]
        }
      ],
      "parameters": []
    },
    {
      "type": "BuiltinCommonInstructions::Standard",
      "conditions": [],
      "actions": [
        {
          "type": {
            "value": "PlaySound"
          },
          "parameters": [
            "",
            "HeatleyBros - HeatleyBros III - 02 8 Bit Think.mp3",
            "yes",
            "5",
            "1"
          ]
        }
      ]
    }
  ],
  "layers": [
    {
      "ambientLightColorB": 200,
      "ambientLightColorG": 200,
      "ambientLightColorR": 200,
      "camera3DFarPlaneDistance": 10000,
      "camera3DFieldOfView": 45,
      "camera3DNearPlaneDistance": 3,
      "followBaseLayerCamera": false,
      "isLightingLayer": false,
      "isLocked": false,
      "name": "",
      "renderingType": "",
      "visibility": true,
      "cameras": [
        {
          "defaultSize": true,
          "defaultViewport": true,
          "height": 0,
          "viewportBottom": 1,
          "viewportLeft": 0,
          "viewportRight": 1,
          "viewportTop": 0,
          "width": 0
        }
      ],
      "effects": [
        {
          "effectType": "Scene3D::HemisphereLight",
          "name": "3D Light",
          "doubleParameters": {
            "elevation": 45,
            "intensity": 1,
            "rotation": 0
          },
          "stringParameters": {
            "groundColor": "64;64;64",
            "skyColor": "255;255;255",
            "top": "Y-"
          },
          "booleanParameters": {}
        }
      ]
    },
    {
      "ambientLightColorB": 200,
      "ambientLightColorG": 200,
      "ambientLightColorR": 200,
      "camera3DFarPlaneDistance": 10000,
      "camera3DFieldOfView": 45,
      "camera3DNearPlaneDistance": 3,
      "followBaseLayerCamera": false,
      "isLightingLayer": false,
      "isLocked": false,
      "name": "Player",
      "renderingType": "",
      "visibility": true,
      "cameras": [],
      "effects": [
        {
          "effectType": "Scene3D::HemisphereLight",
          "name": "3D Light",
          "doubleParameters": {
            "elevation": 45,
            "intensity": 1,
            "rotation": 0
          },
          "stringParameters": {
            "groundColor": "64;64;64",
            "skyColor": "255;255;255",
            "top": "Y-"
          },
          "booleanParameters": {}
        }
      ]
    },
    {
      "ambientLightColorB": 200,
      "ambientLightColorG": 200,
      "ambientLightColorR": 200,
      "camera3DFarPlaneDistance": 10000,
      "camera3DFieldOfView": 45,
      "camera3DNearPlaneDistance": 3,
      "followBaseLayerCamera": false,
      "isLightingLayer": false,
      "isLocked": false,
      "name": "UI",
      "renderingType": "",
      "visibility": true,
      "cameras": [],
      "effects": [
        {
          "effectType": "Scene3D::HemisphereLight",
          "name": "3D Light",
          "doubleParameters": {
            "elevation": 45,
            "intensity": 1,
            "rotation": 0
          },
          "stringParameters": {
            "groundColor": "64;64;64",
            "skyColor": "255;255;255",
            "top": "Y-"
          },
          "booleanParameters": {}
        }
      ]
    }
  ],
  "behaviorsSharedData": [
    {
      "name": "Animation",
      "type": "AnimatableCapability::AnimatableBehavior"
    },
    {
      "name": "Effect",
      "type": "EffectCapability::EffectBehavior"
    },
    {
      "name": "Flippable",
      "type": "FlippableCapability::FlippableBehavior"
    },
    {
      "name": "Opacity",
      "type": "OpacityCapability::OpacityBehavior"
    },
    {
      "name": "Resizable",
      "type": "ResizableCapability::ResizableBehavior"
    },
    {
      "name": "Scale",
      "type": "ScalableCapability::ScalableBehavior"
    },
    {
      "name": "ScreenWrap",
      "type": "ScreenWrap::ScreenWrap"
    },
    {
      "name": "TopDownMovement",
      "type": "TopDownMovementBehavior::TopDownMovementBehavior"
    }
  ]
}