{
  "firstLayout": "Start Screen",
  "gdVersion": {
    "build": 99,
    "major": 4,
    "minor": 0,
    "revision": 0
  },
  "properties": {
    "adaptGameResolutionAtRuntime": true,
    "antialiasingMode": "MSAA",
    "antialisingEnabledOnMobile": false,
    "folderProject": true,
    "orientation": "landscape",
    "packageName": "com.example.gamename",
    "pixelsRounding": true,
    "projectUuid": "bb0b04f6-9623-4df6-a0b6-dcc003b658b4",
    "scaleMode": "nearest",
    "sizeOnStartupMode": "adaptWidth",
    "templateSlug": "",
    "useExternalSourceFiles": false,
    "version": "1.0.0",
    "name": "Avoider",
    "description": "",
    "author": "",
    "windowWidth": 1280,
    "windowHeight": 720,
    "latestCompilationDirectory": "",
    "maxFPS": 60,
    "minFPS": 20,
    "verticalSync": false,
    "platformSpecificAssets": {},
    "loadingScreen": {
      "backgroundColor": 0,
      "backgroundFadeInDuration": 0.2,
      "backgroundImageResourceName": "",
      "gdevelopLogoStyle": "light",
      "logoAndProgressFadeInDuration": 0.2,
      "logoAndProgressLogoFadeInDelay": 0.2,
      "minDuration": 1.5,
      "progressBarColor": 16777215,
      "progressBarHeight": 20,
      "progressBarMaxWidth": 200,
      "progressBarMinWidth": 40,
      "progressBarWidthPercent": 30,
      "showGDevelopSplash": true,
      "showProgressBar": true
    },
    "watermark": {
      "placement": "bottom-left",
      "showWatermark": true
    },
    "authorIds": [],
    "authorUsernames": [],
    "categories": [],
    "playableDevices": [],
    "extensionProperties": [],
    "platforms": [
      {
        "name": "GDevelop JS platform"
      }
    ],
    "currentPlatform": "GDevelop JS platform"
  },
  "resources": {
    "resources": [
      {
        "alwaysLoaded": false,
        "file": "assets/New image.png",
        "kind": "image",
        "metadata": "{\"extension\":\".png\",\"pskl\":{},\"localFilePath\":\"assets/New image.png\"}",
        "name": "New image",
        "smoothed": false,
        "userAdded": false
      },
      {
        "alwaysLoaded": false,
        "file": "assets/NewSprite.png",
        "kind": "image",
        "metadata": "{\"extension\":\".png\",\"localFilePath\":\"assets/NewSprite.png\"}",
        "name": "NewSprite",
        "smoothed": false,
        "userAdded": true
      },
      {
        "alwaysLoaded": false,
        "file": "assets/NewSprite2.png",
        "kind": "image",
        "metadata": "{\"extension\":\".png\",\"localFilePath\":\"assets/NewSprite2.png\"}",
        "name": "NewSprite2",
        "smoothed": false,
        "userAdded": true
      },
      {
        "alwaysLoaded": false,
        "file": "assets/border.png",
        "kind": "image",
        "metadata": "{\"extension\":\".png\"}",
        "name": "border",
        "smoothed": false,
        "userAdded": true
      },
      {
        "alwaysLoaded": false,
        "file": "assets/NewSprite3.png",
        "kind": "image",
        "metadata": "{\"extension\":\".png\",\"localFilePath\":\"assets/NewSprite3.png\"}",
        "name": "NewSprite3",
        "smoothed": false,
        "userAdded": true
      },
      {
        "alwaysLoaded": false,
        "file": "assets/Tommy_Turn Around Poses_5.png",
        "kind": "image",
        "metadata": "",
        "name": "d34c092204bd62638ab5e8d04324732b293070f3bcbd4277fde81c8d70616b3d_Tommy_Turn Around Poses_5.png",
        "smoothed": false,
        "userAdded": true,
        "origin": {
          "identifier": "https://asset-resources.gdevelop.io/public-resources/GrafxKid Pack/Character Pack 3/Tommy/d34c092204bd62638ab5e8d04324732b293070f3bcbd4277fde81c8d70616b3d_Tommy_Turn Around Poses_5.png",
          "name": "gdevelop-asset-store"
        }
      },
      {
        "alwaysLoaded": false,
        "file": "assets/Tommy_Turn Around Poses_5.png",
        "kind": "image",
        "metadata": "",
        "name": "assets\\Tommy_Turn Around Poses_5.png",
        "smoothed": false,
        "userAdded": false
      },
      {
        "alwaysLoaded": false,
        "file": "assets/Round Speech Bubble_No Shadow.png",
        "kind": "image",
        "metadata": "",
        "name": "7c08ba87e57f7bc6d86b91eab92f0399fa54c56470adb853cedb238875ce94b1_Round Speech Bubble_No Shadow.png",
        "smoothed": false,
        "userAdded": true,
        "origin": {
          "identifier": "https://asset-resources.gdevelop.io/public-resources/32x32 Fantasy Icons Pack v2/Icons/Non Combat Actions/7c08ba87e57f7bc6d86b91eab92f0399fa54c56470adb853cedb238875ce94b1_Round Speech Bubble_No Shadow.png",
          "name": "gdevelop-asset-store"
        }
      },
      {
        "alwaysLoaded": false,
        "file": "assets/Round Speech Bubble_No Shadow.png",
        "kind": "image",
        "metadata": "",
        "name": "assets\\Round Speech Bubble_No Shadow.png",
        "smoothed": false,
        "userAdded": true
      },
      {
        "alwaysLoaded": false,
        "file": "assets/Round Speech Bubble_Shadow.png",
        "kind": "image",
        "metadata": "",
        "name": "f39151ea20e432b9df26715f37f26b5de77665d7104b08a6f494e3f35013e924_Round Speech Bubble_Shadow.png",
        "smoothed": false,
        "userAdded": true,
        "origin": {
          "identifier": "https://asset-resources.gdevelop.io/public-resources/32x32 Fantasy Icons Pack v2/Icons/Non Combat Actions/f39151ea20e432b9df26715f37f26b5de77665d7104b08a6f494e3f35013e924_Round Speech Bubble_Shadow.png",
          "name": "gdevelop-asset-store"
        }
      },
      {
        "alwaysLoaded": false,
        "file": "assets/Round Speech Bubble_Shadow.png",
        "kind": "image",
        "metadata": "",
        "name": "assets\\Round Speech Bubble_Shadow.png",
        "smoothed": false,
        "userAdded": false
      },
      {
        "alwaysLoaded": false,
        "file": "assets/Tileset Piece 38.png",
        "kind": "image",
        "metadata": "{\"localFilePath\":\"assets/Tileset Piece 38.png\",\"extension\":\".png\"}",
        "name": "b9fd8f148c3d5c96de0f2b9ef82c350020913c4d667bc79dbc711715f85de3e3_Tileset Piece 38.png",
        "smoothed": false,
        "userAdded": false,
        "origin": {
          "identifier": "https://asset-resources.gdevelop.io/public-resources/Sci-Fi Lab/Tileset/b9fd8f148c3d5c96de0f2b9ef82c350020913c4d667bc79dbc711715f85de3e3_Tileset Piece 38.png",
          "name": "gdevelop-asset-store"
        }
      },
      {
        "file": "HeatleyBros - HeatleyBros III - 02 8 Bit Think.mp3",
        "kind": "audio",
        "metadata": "",
        "name": "HeatleyBros - HeatleyBros III - 02 8 Bit Think.mp3",
        "preloadAsMusic": false,
        "preloadAsSound": false,
        "preloadInCache": false,
        "userAdded": true
      },
      {
        "alwaysLoaded": false,
        "file": "assets/gameoverscreen.jpg",
        "kind": "image",
        "metadata": "",
        "name": "assets\\gameoverscreen.jpg",
        "smoothed": false,
        "userAdded": true
      },
      {
        "alwaysLoaded": false,
        "file": "assets/victoryscreen.jpg",
        "kind": "image",
        "metadata": "",
        "name": "assets\\victoryscreen.jpg",
        "smoothed": false,
        "userAdded": true
      },
      {
        "file": "assets/Heavy-body-hit.mp3",
        "kind": "audio",
        "metadata": "",
        "name": "assets\\Heavy-body-hit.mp3",
        "preloadAsMusic": false,
        "preloadAsSound": false,
        "preloadInCache": false,
        "userAdded": true
      },
      {
        "file": "assets/624878__sonically_sound__old-video-game-4.wav",
        "kind": "audio",
        "metadata": "",
        "name": "assets\\624878__sonically_sound__old-video-game-4.wav",
        "preloadAsMusic": false,
        "preloadAsSound": false,
        "preloadInCache": false,
        "userAdded": true
      },
      {
        "file": "assets/333785__projectsu012__8-bit-failure-sound.wav",
        "kind": "audio",
        "metadata": "",
        "name": "assets\\333785__projectsu012__8-bit-failure-sound.wav",
        "preloadAsMusic": false,
        "preloadAsSound": false,
        "preloadInCache": false,
        "userAdded": true
      }
    ],
    "resourceFolders": []
  },
  "objects": [],
  "objectsFolderStructure": {
    "folderName": "__ROOT"
  },
  "objectsGroups": [],
  "variables": [],
  "layouts": [
    {
      "__REFERENCE_TO_SPLIT_OBJECT": true,
      "referenceTo": "/layouts/start-screen"
    },
    {
      "__REFERENCE_TO_SPLIT_OBJECT": true,
      "referenceTo": "/layouts/veritcal"
    },
    {
      "__REFERENCE_TO_SPLIT_OBJECT": true,
      "referenceTo": "/layouts/game-over-screen"
    },
    {
      "__REFERENCE_TO_SPLIT_OBJECT": true,
      "referenceTo": "/layouts/victory-screen"
    }
  ],
  "externalEvents": [
    {
      "__REFERENCE_TO_SPLIT_OBJECT": true,
      "referenceTo": "/externalEvents/music"
    }
  ],
  "eventsFunctionsExtensions": [
    {
      "__REFERENCE_TO_SPLIT_OBJECT": true,
      "referenceTo": "/eventsFunctionsExtensions/screenwrap"
    }
  ],
  "externalLayouts": [],
  "externalSourceFiles": []
}